<?xml version="1.0" encoding="UTF-8"?>
<config xmlns="http://www.knime.org/2008/09/XMLConfig" xmlns:xsi="http://www.w3.org/2001/XMLSchema-instance" xsi:schemaLocation="http://www.knime.org/2008/09/XMLConfig http://www.knime.org/XMLConfig_2008_09.xsd" key="MiningSchema">
<config key="learning">
<entry key="array-size" type="xint" value="5"/>
<entry key="0" type="xstring" value="DIA_ENTREV"/>
<entry key="1" type="xstring" value="ESCOLARIDA"/>
<entry key="2" type="xstring" value="PLAN_VISIT"/>
<entry key="3" type="xstring" value="NIV_APREND"/>
<entry key="4" type="xstring" value="REPETIR_VI"/>
</config>
<config key="target">
<entry key="array-size" type="xint" value="1"/>
<entry key="0" type="xstring" value="ESTIM_FAM"/>
</config>
</config>
