<?xml version="1.0" encoding="UTF-8"?>
<config xmlns="http://www.knime.org/2008/09/XMLConfig" xmlns:xsi="http://www.w3.org/2001/XMLSchema-instance" xsi:schemaLocation="http://www.knime.org/2008/09/XMLConfig http://www.knime.org/XMLConfig_2008_09.xsd" key="MiningSchema">
<config key="learning">
<entry key="array-size" type="xint" value="17"/>
<entry key="0" type="xstring" value="ENT_REGIS"/>
<entry key="1" type="xstring" value="MES_ENTREV"/>
<entry key="2" type="xstring" value="DIA_ENTREV"/>
<entry key="3" type="xstring" value="SEXO"/>
<entry key="4" type="xstring" value="EDAD"/>
<entry key="5" type="xstring" value="NACIONALID"/>
<entry key="6" type="xstring" value="ESCOLARIDA"/>
<entry key="7" type="xstring" value="ESTIM_FAM"/>
<entry key="8" type="xstring" value="PRIM_VISIT"/>
<entry key="9" type="xstring" value="PLAN_VISIT"/>
<entry key="10" type="xstring" value="TIPO_ENTRA"/>
<entry key="11" type="xstring" value="OPIN_EXPOS"/>
<entry key="12" type="xstring" value="NIV_APREND"/>
<entry key="13" type="xstring" value="REPETIR_VI"/>
<entry key="14" type="xstring" value="RECOMIE_VI"/>
<entry key="15" type="xstring" value="EVAL_GRAL"/>
<entry key="16" type="xstring" value="MOT_NO_VIS"/>
</config>
<config key="target">
<entry key="array-size" type="xint" value="1"/>
<entry key="0" type="xstring" value="EDAD_INTV"/>
</config>
</config>
